matching_date,locationName
2021-09-19,flevopark_1
2021-09-10,flevopark_1
2021-09-11,flevopark_1
2021-09-12,flevopark_1
2021-09-13,flevopark_1
2021-09-14,flevopark_1
2021-09-15,flevopark_1
2021-09-16,flevopark_1
2021-09-17,flevopark_1
2021-09-18,flevopark_1
2021-09-20,flevopark_1
2021-09-21,flevopark_1
2021-09-22,flevopark_1
2021-09-24,flevopark_1
2021-09-25,flevopark_1
2021-09-26,flevopark_1
2021-09-23,flevopark_1
2021-09-28,flevopark_1
2021-10-11,flevopark_1
2021-10-10,flevopark_1
2021-10-09,flevopark_1
2021-10-08,flevopark_1
2021-10-07,flevopark_1
2021-09-27,flevopark_1
2021-10-05,flevopark_1
2021-10-06,flevopark_1
2021-10-03,flevopark_1
2021-10-02,flevopark_1
2021-10-01,flevopark_1
2021-09-30,flevopark_1
2021-09-29,flevopark_1
2021-10-04,flevopark_1
2021-09-22,flevopark_10
2021-09-17,flevopark_10
2021-09-21,flevopark_10
2021-09-20,flevopark_10
2021-09-19,flevopark_10
2021-09-18,flevopark_10
2021-09-16,flevopark_10
2021-09-24,flevopark_10
2021-09-14,flevopark_10
2021-09-13,flevopark_10
2021-09-12,flevopark_10
2021-09-11,flevopark_10
2021-09-10,flevopark_10
2021-09-23,flevopark_10
2021-09-15,flevopark_10
2021-09-25,flevopark_10
2021-09-27,flevopark_10
2021-10-11,flevopark_10
2021-09-26,flevopark_10
2021-10-10,flevopark_10
2021-10-09,flevopark_10
2021-10-08,flevopark_10
2021-10-06,flevopark_10
2021-10-05,flevopark_10
2021-10-07,flevopark_10
2021-10-03,flevopark_10
2021-10-02,flevopark_10
2021-10-01,flevopark_10
2021-09-30,flevopark_10
2021-09-29,flevopark_10
2021-09-28,flevopark_10
2021-10-04,flevopark_10
2021-10-02,flevopark_11
2021-09-28,flevopark_11
2021-09-29,flevopark_11
2021-09-30,flevopark_11
2021-10-01,flevopark_11
2021-10-03,flevopark_11
2021-10-11,flevopark_11
2021-10-05,flevopark_11
2021-10-06,flevopark_11
2021-10-07,flevopark_11
2021-10-08,flevopark_11
2021-10-09,flevopark_11
2021-09-27,flevopark_11
2021-10-04,flevopark_11
2021-09-26,flevopark_11
2021-09-18,flevopark_11
2021-09-24,flevopark_11
2021-09-23,flevopark_11
2021-09-22,flevopark_11
2021-09-21,flevopark_11
2021-09-20,flevopark_11
2021-09-19,flevopark_11
2021-09-17,flevopark_11
2021-09-16,flevopark_11
2021-09-15,flevopark_11
2021-09-14,flevopark_11
2021-09-13,flevopark_11
2021-09-12,flevopark_11
2021-09-11,flevopark_11
2021-09-10,flevopark_11
2021-09-25,flevopark_11
2021-10-10,flevopark_11
2021-09-10,flevopark_12
2021-09-25,flevopark_12
2021-09-11,flevopark_12
2021-09-12,flevopark_12
2021-09-13,flevopark_12
2021-09-14,flevopark_12
2021-09-15,flevopark_12
2021-09-16,flevopark_12
2021-09-17,flevopark_12
2021-09-18,flevopark_12
2021-09-19,flevopark_12
2021-09-20,flevopark_12
2021-09-21,flevopark_12
2021-09-22,flevopark_12
2021-09-23,flevopark_12
2021-09-24,flevopark_12
2021-09-26,flevopark_12
2021-09-27,flevopark_12
2021-09-28,flevopark_12
2021-09-29,flevopark_12
2021-09-30,flevopark_12
2021-10-01,flevopark_12
2021-10-02,flevopark_12
2021-10-03,flevopark_12
2021-10-04,flevopark_12
2021-10-05,flevopark_12
2021-10-06,flevopark_12
2021-10-07,flevopark_12
2021-10-08,flevopark_12
2021-10-11,flevopark_12
2021-10-09,flevopark_12
2021-10-10,flevopark_12
2021-10-11,flevopark_13
2021-10-08,flevopark_13
2021-10-07,flevopark_13
2021-10-06,flevopark_13
2021-10-05,flevopark_13
2021-10-04,flevopark_13
2021-10-03,flevopark_13
2021-10-02,flevopark_13
2021-10-01,flevopark_13
2021-09-30,flevopark_13
2021-09-29,flevopark_13
2021-09-28,flevopark_13
2021-09-27,flevopark_13
2021-09-26,flevopark_13
2021-10-09,flevopark_13
2021-09-25,flevopark_13
2021-09-24,flevopark_13
2021-09-23,flevopark_13
2021-09-22,flevopark_13
2021-09-21,flevopark_13
2021-09-20,flevopark_13
2021-09-19,flevopark_13
2021-09-18,flevopark_13
2021-09-17,flevopark_13
2021-09-16,flevopark_13
2021-09-15,flevopark_13
2021-09-14,flevopark_13
2021-09-13,flevopark_13
2021-09-12,flevopark_13
2021-09-11,flevopark_13
2021-10-10,flevopark_13
2021-09-10,flevopark_13
2021-09-11,flevopark_2
2021-10-10,flevopark_2
2021-09-12,flevopark_2
2021-09-13,flevopark_2
2021-09-14,flevopark_2
2021-09-15,flevopark_2
2021-09-16,flevopark_2
2021-09-17,flevopark_2
2021-09-18,flevopark_2
2021-09-19,flevopark_2
2021-09-20,flevopark_2
2021-09-21,flevopark_2
2021-09-22,flevopark_2
2021-09-23,flevopark_2
2021-09-24,flevopark_2
2021-10-11,flevopark_2
2021-09-25,flevopark_2
2021-09-27,flevopark_2
2021-09-28,flevopark_2
2021-09-29,flevopark_2
2021-09-30,flevopark_2
2021-10-01,flevopark_2
2021-10-02,flevopark_2
2021-10-03,flevopark_2
2021-10-04,flevopark_2
2021-10-05,flevopark_2
2021-10-06,flevopark_2
2021-10-07,flevopark_2
2021-10-08,flevopark_2
2021-10-09,flevopark_2
2021-09-26,flevopark_2
2021-09-10,flevopark_2
2021-10-11,flevopark_3
2021-10-09,flevopark_3
2021-10-10,flevopark_3
2021-09-10,flevopark_3
2021-09-11,flevopark_3
2021-09-12,flevopark_3
2021-09-13,flevopark_3
2021-09-14,flevopark_3
2021-09-15,flevopark_3
2021-09-16,flevopark_3
2021-09-17,flevopark_3
2021-09-19,flevopark_3
2021-09-20,flevopark_3
2021-09-21,flevopark_3
2021-09-22,flevopark_3
2021-09-23,flevopark_3
2021-09-18,flevopark_3
2021-09-25,flevopark_3
2021-10-07,flevopark_3
2021-09-24,flevopark_3
2021-10-06,flevopark_3
2021-10-05,flevopark_3
2021-10-04,flevopark_3
2021-10-02,flevopark_3
2021-10-03,flevopark_3
2021-09-30,flevopark_3
2021-10-08,flevopark_3
2021-09-29,flevopark_3
2021-09-28,flevopark_3
2021-09-27,flevopark_3
2021-09-26,flevopark_3
2021-10-01,flevopark_3
2021-09-19,flevopark_4
2021-09-21,flevopark_4
2021-09-20,flevopark_4
2021-09-18,flevopark_4
2021-09-12,flevopark_4
2021-09-16,flevopark_4
2021-09-15,flevopark_4
2021-09-14,flevopark_4
2021-09-13,flevopark_4
2021-09-22,flevopark_4
2021-09-17,flevopark_4
2021-09-23,flevopark_4
2021-10-07,flevopark_4
2021-09-25,flevopark_4
2021-09-26,flevopark_4
2021-09-27,flevopark_4
2021-09-28,flevopark_4
2021-09-29,flevopark_4
2021-09-30,flevopark_4
2021-10-01,flevopark_4
2021-10-02,flevopark_4
2021-10-03,flevopark_4
2021-10-04,flevopark_4
2021-10-05,flevopark_4
2021-10-06,flevopark_4
2021-09-11,flevopark_4
2021-09-24,flevopark_4
2021-09-10,flevopark_4
2021-10-09,flevopark_4
2021-10-11,flevopark_4
2021-10-10,flevopark_4
2021-10-08,flevopark_4
2021-09-12,flevopark_5
2021-10-09,flevopark_5
2021-10-08,flevopark_5
2021-10-07,flevopark_5
2021-10-06,flevopark_5
2021-10-05,flevopark_5
2021-10-04,flevopark_5
2021-10-03,flevopark_5
2021-10-02,flevopark_5
2021-10-01,flevopark_5
2021-09-30,flevopark_5
2021-09-29,flevopark_5
2021-09-28,flevopark_5
2021-09-27,flevopark_5
2021-09-26,flevopark_5
2021-09-24,flevopark_5
2021-09-23,flevopark_5
2021-09-22,flevopark_5
2021-09-21,flevopark_5
2021-09-20,flevopark_5
2021-09-19,flevopark_5
2021-09-18,flevopark_5
2021-09-17,flevopark_5
2021-09-16,flevopark_5
2021-09-15,flevopark_5
2021-09-14,flevopark_5
2021-09-10,flevopark_5
2021-09-11,flevopark_5
2021-09-13,flevopark_5
2021-09-25,flevopark_5
2021-10-11,flevopark_5
2021-10-10,flevopark_5
2021-10-10,flevopark_6
2021-09-26,flevopark_6
2021-09-27,flevopark_6
2021-09-28,flevopark_6
2021-09-29,flevopark_6
2021-09-30,flevopark_6
2021-10-02,flevopark_6
2021-10-03,flevopark_6
2021-10-05,flevopark_6
2021-10-06,flevopark_6
2021-10-07,flevopark_6
2021-10-08,flevopark_6
2021-10-09,flevopark_6
2021-10-11,flevopark_6
2021-10-04,flevopark_6
2021-09-25,flevopark_6
2021-10-01,flevopark_6
2021-09-23,flevopark_6
2021-09-10,flevopark_6
2021-09-24,flevopark_6
2021-09-11,flevopark_6
2021-09-12,flevopark_6
2021-09-13,flevopark_6
2021-09-15,flevopark_6
2021-09-16,flevopark_6
2021-09-14,flevopark_6
2021-09-18,flevopark_6
2021-09-19,flevopark_6
2021-09-20,flevopark_6
2021-09-21,flevopark_6
2021-09-22,flevopark_6
2021-09-17,flevopark_6
2021-09-30,flevopark_7
2021-09-26,flevopark_7
2021-09-27,flevopark_7
2021-09-28,flevopark_7
2021-09-29,flevopark_7
2021-10-01,flevopark_7
2021-10-08,flevopark_7
2021-10-03,flevopark_7
2021-10-04,flevopark_7
2021-10-05,flevopark_7
2021-10-06,flevopark_7
2021-10-07,flevopark_7
2021-09-25,flevopark_7
2021-10-02,flevopark_7
2021-09-24,flevopark_7
2021-10-10,flevopark_7
2021-09-22,flevopark_7
2021-09-21,flevopark_7
2021-09-20,flevopark_7
2021-09-19,flevopark_7
2021-09-18,flevopark_7
2021-09-17,flevopark_7
2021-09-16,flevopark_7
2021-09-15,flevopark_7
2021-09-14,flevopark_7
2021-09-13,flevopark_7
2021-09-12,flevopark_7
2021-09-11,flevopark_7
2021-09-10,flevopark_7
2021-10-11,flevopark_7
2021-09-23,flevopark_7
2021-10-09,flevopark_7
2021-10-10,flevopark_8
2021-09-25,flevopark_8
2021-09-11,flevopark_8
2021-09-12,flevopark_8
2021-09-13,flevopark_8
2021-09-14,flevopark_8
2021-09-15,flevopark_8
2021-09-16,flevopark_8
2021-09-17,flevopark_8
2021-09-18,flevopark_8
2021-09-19,flevopark_8
2021-09-20,flevopark_8
2021-09-21,flevopark_8
2021-09-22,flevopark_8
2021-09-23,flevopark_8
2021-09-10,flevopark_8
2021-09-24,flevopark_8
2021-09-27,flevopark_8
2021-09-28,flevopark_8
2021-09-29,flevopark_8
2021-09-30,flevopark_8
2021-10-01,flevopark_8
2021-10-02,flevopark_8
2021-10-03,flevopark_8
2021-10-04,flevopark_8
2021-10-05,flevopark_8
2021-10-06,flevopark_8
2021-10-07,flevopark_8
2021-10-08,flevopark_8
2021-10-09,flevopark_8
2021-09-26,flevopark_8
2021-10-11,flevopark_8
2021-09-10,flevopark_9
2021-10-09,flevopark_9
2021-09-11,flevopark_9
2021-09-12,flevopark_9
2021-09-13,flevopark_9
2021-09-14,flevopark_9
2021-09-15,flevopark_9
2021-09-16,flevopark_9
2021-09-17,flevopark_9
2021-09-18,flevopark_9
2021-09-19,flevopark_9
2021-09-20,flevopark_9
2021-09-21,flevopark_9
2021-09-22,flevopark_9
2021-09-23,flevopark_9
2021-10-10,flevopark_9
2021-09-24,flevopark_9
2021-09-26,flevopark_9
2021-09-27,flevopark_9
2021-09-28,flevopark_9
2021-09-29,flevopark_9
2021-09-30,flevopark_9
2021-10-01,flevopark_9
2021-10-02,flevopark_9
2021-10-03,flevopark_9
2021-10-04,flevopark_9
2021-10-05,flevopark_9
2021-10-06,flevopark_9
2021-10-07,flevopark_9
2021-10-08,flevopark_9
2021-09-25,flevopark_9
2021-10-11,flevopark_9
